House_ID,house_value
17000,156810.3014540273
17001,156617.21488559296
17002,152970.46483464938
17003,157233.90390529766
17004,156889.0095067593
17005,171944.40323573552
17006,163485.85199350986
17007,166380.54250932875
17008,168996.76828362574
17009,163304.79562169075
17010,146004.48137488455
17011,161643.85612514341
17012,170581.3530370976
17013,155559.7826519793
17014,163187.99829926086
17015,155413.66986998703
17016,155608.52634130974
17017,166063.25914291438
17018,167731.35305989077
17019,166098.16945898655
17020,162977.09349543814
17021,159055.25707418504
17022,150158.53795219582
17023,154192.4099734683
17024,166290.366109174
17025,161683.5163972315
17026,162808.0820775434
17027,163689.54381614926
17028,159919.04216640408
17029,173215.26959665216
17030,172523.66818581903
17031,170577.6434108188
17032,169998.66299739684
17033,160278.5316795968
17034,151352.0139032443
17035,180104.36475113506
17036,173595.3833923538
17037,172425.13057793287
17038,169351.369993729
17039,175605.3267064775
17040,178559.14862044936
17041,162042.42925714928
17042,165299.9204265757
17043,157288.6940039897
17044,158070.9677547215
17045,153982.37418487985
17046,164132.2581107151
17047,144145.86370447167
17048,173428.73865697678
17049,155784.50114038895
17050,170537.13902900656
17051,168165.77547293997
17052,166769.1442339399
17053,167687.079879124
17054,164163.53596972904
17055,163883.6022250428
17056,174194.16928299435
17057,176380.58017985526
17058,172679.7685555691
17059,176475.71604898613
17060,158866.88636810335
17061,170173.1173751154
17062,167460.03999094118
17063,136103.60601740365
17064,154353.24462351637
17065,179108.89256448697
17066,163033.48809279132
17067,143178.87968642736
17068,132938.2736518359
17069,144290.12721656225
17070,133006.26723944605
17071,139140.38249540536
17072,147670.98816818438
17073,172554.97085420918
17074,145184.61286601613
17075,165267.56667144207
17076,158527.69264738148
17077,168315.5569716835
17078,156794.89929102486
17079,172934.58753508487
17080,165918.37927553937
17081,172537.64400401537
17082,173014.88461753525
17083,164644.44747476277
17084,165373.53108955373
17085,161066.71215642832
17086,154234.5651358689
17087,170450.28747737798
17088,159888.76747790762
17089,161085.3667127187
17090,163382.95395139634
17091,163361.30328412214
17092,173475.7322070942
17093,166264.2793138133
17094,163469.4962784347
17095,164328.62530119612
17096,161301.16231309753
17097,157224.66384919905
17098,165496.4194592867
17099,167360.13566003373
17100,143246.67782996473
17101,169408.58738520276
17102,166124.62380573532
17103,164247.53101027175
17104,155432.31674195666
17105,139824.6567987788
17106,167852.1874282282
17107,158196.53724927004
17108,161054.99009027885
17109,177345.02343593247
17110,167637.5934749471
17111,168580.73387487384
17112,169103.86251654846
17113,165660.26140487072
17114,174046.2995104943
17115,168359.10631354275
17116,165014.62735348384
17117,165646.11866374724
17118,173359.23316997263
17119,164071.81290788949
17120,165378.73872706568
17121,163832.7326676595
17122,152909.55618327044
17123,165902.1696455484
17124,163360.78122388825
17125,166705.566431424
17126,160646.30570665968
17127,157934.18541300815
17128,169020.6396187522
17129,166252.89152514783
17130,166722.4836395869
17131,163505.77291587467
17132,164627.64249947562
17133,167166.09012765758
17134,171494.8017551452
17135,174568.68348296144
17136,177676.45425486838
17137,162256.77297017752
17138,176571.39647503884
17139,167516.36828645464
17140,161233.68369231612
17141,162331.73445123603
17142,172392.95138316654
17143,171643.93327506768
17144,144630.7942365211
17145,173236.67047557913
17146,167506.75987179708
17147,169869.38385417053
17148,167844.0593205348
17149,161771.0166010493
17150,168957.12814317062
17151,167958.16511112146
17152,150909.77837704011
17153,160077.68758846808
17154,154070.54969902127
17155,141340.61923544842
17156,174765.5976269989
17157,144784.36996262416
17158,153102.56958667628
17159,163997.62669817323
17160,157490.66681860524
17161,157042.70425720938
17162,143681.05386773526
17163,160700.24037288985
17164,151307.35140603848
17165,160703.99019153207
17166,159128.03909057763
17167,161866.16856063402
17168,167455.92438382196
17169,163941.24749754003
17170,159245.48545331846
17171,157929.69008108907
17172,153137.65143258247
17173,160629.31796368104
17174,145994.10599830706
17175,142206.91857993283
17176,148462.17462563253
17177,145614.5750106643
17178,141942.962606293
17179,146384.40188368742
17180,145861.64242960114
17181,140024.00511363876
17182,139726.52999316494
17183,132174.99719355843
17184,144336.1892100403
17185,154182.7010903218
17186,145776.4822522149
17187,157476.25555959332
17188,178478.64319678073
17189,165343.84172535056
17190,157607.6470561348
17191,178742.77295285603
17192,171059.8469678329
17193,147941.09424245314
17194,165151.89055099775
17195,169340.8791783048
17196,168589.211239595
17197,170394.881965179
17198,162042.42925714928
17199,161489.77642275824
17200,169137.53514715476
17201,163197.79118138304
17202,162042.42925714928
17203,179084.4020867505
17204,171436.2736150416
17205,173370.27144098727
17206,167949.56710118003
17207,189106.56144105986
17208,177867.8136726917
17209,174887.5980301397
17210,158394.64904161514
17211,173747.57305804506
17212,190799.95084706284
17213,195088.63066105684
17214,196153.85681809753
17215,179346.41141999653
17216,192805.3061343133
17217,182209.83557128315
17218,195522.37674475147
17219,176005.90255035146
17220,177715.8573307319
17221,177636.7087757234
17222,184245.34859413296
17223,186085.32758415386
17224,181271.44578278283
17225,191855.09426085663
17226,187109.88902994455
17227,167665.08356985997
17228,171058.4932481117
17229,183832.9170828369
17230,188327.64514132543
17231,177425.1116657561
17232,185876.05699776878
17233,180860.9379502199
17234,164886.43105564747
17235,178794.1822897128
17236,168578.427394896
17237,174039.5917364089
17238,175991.38920712334
17239,171880.92644477924
17240,176290.95237271214
17241,193428.83555920023
17242,170489.73679506956
17243,180921.7630741502
17244,182396.7521323865
17245,180576.44616437543
17246,164681.92314213002
17247,196511.0307698859
17248,194381.70273907276
17249,183044.39235941868
17250,158746.96332780717
17251,194539.83750527457
17252,197559.40969113668
17253,193167.43778133934
17254,181341.32726405712
17255,193135.11677566546
17256,187469.23729969803
17257,196872.9514022822
17258,179799.76931459302
17259,173073.74886726058
17260,192745.5662769842
17261,196279.87291777733
17262,195911.2476136576
17263,165818.18579755526
17264,172524.34202163425
17265,160135.59600334728
17266,175494.77557618375
17267,177131.20622334743
17268,178333.9926051302
17269,166981.77602254984
17270,175774.93030657855
17271,171374.16858436537
17272,158112.92976733702
17273,159915.87102121775
17274,161098.25204212786
17275,181951.70042684447
17276,187079.4323415704
17277,166541.4670437948
17278,168791.0976127178
17279,172273.00079646937
17280,168383.62367947845
17281,163104.98756575584
17282,166053.6103701605
17283,177272.769622483
17284,172045.38501337921
17285,170098.40847197216
17286,167463.10510276165
17287,175256.99883655307
17288,173191.89497551156
17289,185373.48625915288
17290,178273.8127759312
17291,174005.7158676828
17292,174518.73320615277
17293,177606.99933016713
17294,181156.79214287453
17295,157608.60396511148
17296,149439.9970323934
17297,166198.6026079567
17298,169090.6195342195
17299,156282.72602808982
17300,165756.46495703567
17301,176017.33328672292
17302,163193.67788465958
17303,166170.28586600005
17304,155980.58718774945
17305,173230.1911447016
17306,158919.81828963943
17307,164619.70189040102
17308,171867.89668610875
17309,176900.89994645916
17310,181277.036624316
17311,163819.8167278953
17312,179391.50418985635
17313,154203.3060293462
17314,149003.82371514625
17315,161538.96203154422
17316,151274.21811329963
17317,153124.16678815352
17318,147490.97709382503
17319,146908.45964596453
17320,160014.59109886378
17321,152570.08042599753
17322,145668.3992992985
17323,161131.45267402896
17324,152671.8162209223
17325,154708.52762293743
17326,156161.72875814434
17327,149827.16762178403
17328,155938.00941289868
17329,153626.17574563294
17330,145964.39699826093
17331,161993.3036264314
17332,170730.13910237956
17333,147470.17436540272
17334,149285.9494787351
17335,157457.44189964834
17336,149427.00708804734
17337,143820.9464297997
17338,136464.81264717333
17339,147728.72761076386
17340,160791.1847872429
17341,145325.7510770006
17342,162626.5918547168
17343,148654.89752524934
17344,153215.96978360278
17345,151831.64438002766
17346,153042.31067420472
17347,161047.87556452968
17348,144284.56941032183
17349,163187.3902528969
17350,166811.76049277643
17351,143858.45277001165
17352,159608.88910021912
17353,166353.57882899317
17354,165229.12366404335
17355,157938.2796334948
17356,153576.79509116322
17357,156469.0574495206
17358,161410.93812419914
17359,139680.62678495917
17360,144533.98593674137
17361,168497.0117530715
17362,149272.60130586833
17363,190411.66029574457
17364,172294.14410969173
17365,189021.75253037867
17366,180807.9883397445
17367,170203.1783884345
17368,139532.86182087494
17369,146087.35210578155
17370,157924.63743599536
17371,163953.72926263572
17372,155389.77829145067
17373,160647.78842669024
17374,160569.4622456863
17375,169665.18448570333
17376,155601.83641831682
17377,155842.8879606455
17378,153545.20805319722
17379,151821.09165311095
17380,149150.80446688388
17381,144961.34238467354
17382,156278.73522023202
17383,144283.76720609577
17384,142237.30969950208
17385,144806.68626726515
17386,157932.66865810505
17387,162178.7853034221
17388,161278.0344836278
17389,144530.17827487833
17390,166602.5456000376
17391,166536.78929829368
17392,157481.6750206482
17393,144842.6808409042
17394,176298.55968376723
17395,170413.01068723437
17396,162417.19196326326
17397,169303.06306879764
17398,160691.8705248082
17399,151337.64141185567
17400,149106.01915068593
17401,152003.46973874213
17402,178301.67924869646
17403,146028.0660808666
17404,166347.15807671455
17405,141630.9377235586
17406,161121.12133944244
17407,160188.7623084244
17408,157769.12524763268
17409,161621.91557750732
17410,173667.18760585308
17411,137991.30335848124
17412,178641.86515309263
17413,184644.44614012854
17414,162310.16997075724
17415,142793.64588422357
17416,156468.0457391918
17417,162287.1875440768
17418,142289.95150457355
17419,165888.03267342006
17420,148654.86621749392
17421,139592.8905625368
17422,166052.86959479845
17423,163607.320361849
17424,175415.3440402509
17425,144481.7716927681
17426,146586.5740772596
17427,167844.91204898056
17428,150535.40474055748
17429,162468.00370444285
17430,166491.11352074306
17431,163413.60534894382
17432,154688.38258215075
17433,159166.89271416832
17434,184625.84102681925
17435,172676.8810917225
17436,150066.1736960776
17437,150190.39414396233
17438,170697.61992554567
17439,167375.28255693289
17440,158448.40878530985
17441,141288.84102669757
17442,139711.22269792517
17443,138121.47917777236
17444,176810.2549788763
17445,136352.20246202688
17446,160585.4944283299
17447,160096.63203709922
17448,158235.41990875293
17449,149159.23993870494
17450,155097.9290562329
17451,151840.93738063035
17452,159118.6095321339
17453,155829.54381674304
17454,152710.88324138668
17455,161851.19299444964
17456,169233.71913568102
17457,138743.5204852439
17458,164019.9388654365
17459,166676.42204562546
17460,155821.06996699114
17461,154377.9284505323
17462,154884.56617801756
17463,155957.55924128756
17464,162350.4600642449
17465,163331.01552786448
17466,164356.47696227065
17467,167116.62815887047
17468,168632.18328928834
17469,168150.5845444203
17470,168911.75779727116
17471,163372.68392029812
17472,162525.22177965604
17473,170366.67311276984
17474,165746.76525970094
17475,166054.77055459167
17476,155538.42895090918
17477,157929.25327104956
17478,167648.40754819888
17479,164904.51973395617
17480,166074.62149881193
17481,166197.559335916
17482,164905.1528990282
17483,165925.7587091928
17484,166375.800382971
17485,162684.0793230332
17486,152648.6941955883
17487,154113.96387620748
17488,155715.92121386918
17489,169756.3225183945
17490,175444.59900895052
17491,171307.4889976888
17492,163143.0881799224
17493,170120.7406355327
17494,160628.03854198393
17495,168399.73363221312
17496,169371.4664866175
17497,163281.5292653522
17498,165333.07142228872
17499,170170.7640027021
17500,168601.84085554324
17501,168592.41669876955
17502,167996.1808916997
17503,161799.11595088377
17504,175783.5644467673
17505,178006.31650005627
17506,183433.57591272896
17507,174906.8472670533
17508,181565.51015081294
17509,182293.34995305754
17510,163563.51854196066
17511,174162.81688628788
17512,185006.3766026273
17513,184101.0602449138
17514,185475.46071362763
17515,174686.06406126564
17516,175348.25349950895
17517,163823.28983997784
17518,166844.9682748085
17519,156089.12721137083
17520,184737.4665893081
17521,184396.1980236151
17522,162180.8097025109
17523,185418.01991973788
17524,180445.3273455089
17525,138884.89251574353
17526,183434.67559175138
17527,172560.1122233112
17528,134569.9259302738
17529,169251.5465726184
17530,180568.42150169238
17531,177843.70718181104
17532,149463.35074214468
17533,174905.6282841303
17534,184462.86758564456
17535,174091.9674429796
17536,181412.50722113613
17537,181036.69233271678
17538,173955.67008109446
17539,176892.1930195455
17540,173714.95826729172
17541,168178.88480608774
17542,175525.34675141115
17543,185001.1203296203
17544,183657.12715914022
17545,183490.6487269111
17546,171689.08757212257
17547,183769.0120198414
17548,161454.4011468888
17549,177992.80455544897
17550,185202.75629116845
17551,168456.26485022425
17552,172483.3126903415
17553,170935.61779124642
17554,170695.98337383755
17555,170385.51090418504
17556,176685.6241638632
17557,173308.7424989765
17558,163670.5173905214
17559,160074.40806059324
17560,171347.43344788795
17561,173616.782141163
17562,171507.46542000904
17563,184670.28446904058
17564,184813.87490040608
17565,179482.86478526716
17566,172407.4787442358
17567,147412.52835542246
17568,184584.44793939963
17569,166524.29391128183
17570,178090.08022572924
17571,185257.33483339215
17572,168931.1470467808
17573,161967.1861840996
17574,159215.2822480155
17575,180755.23746004683
17576,133112.46764498588
17577,159305.02162160215
17578,158632.6688269594
17579,143067.07600154498
17580,157342.18985058257
17581,162766.63851307993
17582,158190.34844238646
17583,145069.58342672762
17584,158757.88358024706
17585,148711.50965970167
17586,150634.44840136464
17587,166400.16276049014
17588,164741.30183504114
17589,160372.18554841954
17590,179238.15280200692
17591,172103.53961511797
17592,172725.9582488624
17593,161310.29299480485
17594,159176.4050807615
17595,170904.37310536948
17596,159341.26973110394
17597,178299.9082919762
17598,184433.61210121965
17599,180683.4625398133
17600,183623.75608781894
17601,183729.86949984054
17602,173604.95016686938
17603,175804.58465077408
17604,179357.63217762834
17605,178377.39420221362
17606,168654.43006104685
17607,154837.23128036803
17608,165661.65697489955
17609,162610.3746112788
17610,164997.92454487336
17611,165106.88724704387
17612,148587.26147330742
17613,166818.89687261623
17614,160883.45279417714
17615,164353.13613045437
17616,140384.46240883222
17617,151995.81720918915
17618,157020.40918115902
17619,160955.38264346888
17620,152591.03597109555
17621,168182.0658307002
17622,174143.68559920904
17623,152161.58398192597
17624,140007.81283200008
17625,163016.31472193374
17626,146810.74347924805
17627,168170.16194641122
17628,162194.11172387467
17629,168584.56127189196
17630,160761.00092149357
17631,157533.39888805783
17632,164661.13406852484
17633,165020.0110592833
17634,160021.5574114037
17635,159278.7221425713
17636,162796.82111355328
17637,163236.99868432674
17638,162505.1243800372
17639,162042.42925714928
17640,165051.18514902735
17641,158693.94708848465
17642,154024.10018427236
17643,160402.4815912829
17644,151446.27125365013
17645,157239.08252688593
17646,164096.2589196098
17647,165316.9732798752
17648,152945.83577144425
17649,155380.8679857147
17650,156709.94933194437
17651,141879.40736228283
17652,141532.97165556028
17653,152446.6150448056
17654,149969.11297804635
17655,155341.38379194762
17656,167893.2294755082
17657,165799.8404290165
17658,167408.64161155652
17659,164694.9204487639
17660,165033.71819987913
17661,156756.8860013014
17662,156296.2702264663
17663,155849.55375487785
17664,156976.7096559853
17665,170983.70636337795
17666,166847.4888421328
17667,170226.52163770597
17668,178131.05694006063
17669,155467.48191693323
17670,156837.70166123347
17671,137770.69991231128
17672,140614.33511601947
17673,146970.37308993164
17674,143199.52774045645
17675,150104.05710596385
17676,150611.86317781534
17677,148971.2310075297
17678,146900.09628252542
17679,153614.07817722962
17680,145589.74646499555
17681,148008.1792338127
17682,153010.55466653965
17683,148709.5540514228
17684,149766.0324074023
17685,152342.10539961356
17686,156444.61365352312
17687,156342.25115539614
17688,133881.42306068775
17689,148966.13309836792
17690,161103.4254184027
17691,145368.6634139176
17692,149694.473049177
17693,147183.79375391957
17694,165248.73348014875
17695,139014.6118355044
17696,149897.79711097636
17697,163241.31133246998
17698,151351.08163243346
17699,161234.43647492022
17700,150619.2754349909
17701,145736.12912175665
17702,148034.2882307423
17703,152601.39066197697
17704,143882.63166593915
17705,144554.82023631252
17706,144658.43632722448
17707,158015.26573260882
17708,140773.36436877097
17709,155467.75514897867
17710,155352.33124846834
17711,136269.54824892042
17712,155205.19969166064
17713,150717.47903909357
17714,150094.53425095291
17715,145601.64140762683
17716,151034.65750137847
17717,147558.59301289739
17718,138209.61667191904
17719,139316.3720425094
17720,141228.80292816475
17721,143654.29057633918
17722,150218.2954742958
17723,140857.52644769603
17724,139777.6448448105
17725,151208.89836129223
17726,153263.13517399447
17727,147408.56277730977
17728,136342.32760143056
17729,151061.54231844892
17730,136728.83431605465
17731,143211.00655282266
17732,144530.87173855343
17733,144507.5860109544
17734,144040.21734788653
17735,144474.62537461525
17736,151838.55997085778
17737,152523.44617211237
17738,155532.4842955716
17739,143566.3174290375
17740,145227.30500346352
17741,141273.3520780168
17742,135620.7035266481
17743,145043.24669340331
17744,144820.59869420357
17745,136300.13165871392
17746,153789.3402619765
17747,141706.89741540133
17748,144288.67210291035
17749,162975.01364810695
17750,158493.08097354393
17751,156883.70364106656
17752,156840.75969423537
17753,155953.28888396814
17754,161854.90300726943
17755,161448.62674447554
17756,160947.7992322353
17757,158350.51029417728
17758,147548.33548303557
17759,159073.6208526825
17760,159800.0375357098
17761,158205.0922445599
17762,156560.14637213803
17763,163931.1377546169
17764,167720.4903983036
17765,174923.73264282502
17766,157552.1543423756
17767,154873.61121383365
17768,163018.92602013797
17769,153816.59953982086
17770,157132.58577844454
17771,148682.09578473459
17772,148889.99652296898
17773,148082.2748175957
17774,141515.7243387964
17775,161653.0712358567
17776,163951.70596772607
17777,157396.24887215058
17778,166360.2551522281
17779,149090.23783545915
17780,162861.1928479666
17781,165416.0288279494
17782,173675.8886016149
17783,174649.99920983939
17784,173238.27667245892
17785,158531.0946739431
17786,170496.1469750105
17787,163604.05271075937
17788,156001.7024852308
17789,164678.11801737137
17790,172726.29475679842
17791,158166.61834393634
17792,164202.91221133378
17793,165543.68968463712
17794,175955.29354063558
17795,165309.71518673116
17796,170915.25212761585
17797,165525.33517153797
17798,157979.00994574942
17799,162589.50616410846
17800,153000.61463267656
17801,154056.77885279962
17802,150727.27440934916
17803,138545.68509879903
17804,146173.10196819983
17805,144139.9063622561
17806,146629.4881372651
17807,143561.97789790307
17808,148270.9728208545
17809,144715.81849488895
17810,151484.19744363154
17811,145203.2602080115
17812,146215.75867765342
17813,153362.60205881143
17814,144092.93509647885
17815,155912.28389308852
17816,154906.9072102794
17817,156296.27340254208
17818,146641.007232049
17819,170971.14657248813
17820,146921.25845765034
17821,149716.01729244707
17822,144546.34513287857
17823,144494.2432310958
17824,128851.18671817934
17825,162042.42925714928
17826,135184.57912742725
17827,134169.68782141677
17828,145599.78416252922
17829,150108.71713800708
17830,154893.77691633912
17831,152881.72011811403
17832,146928.7813249247
17833,146973.2164095887
17834,144889.26848988252
17835,144667.57675642014
17836,146016.8184394064
17837,143656.39404794923
17838,131866.81116210567
17839,135741.25618307732
17840,162042.42925714928
17841,149762.25144693244
17842,162799.303046806
17843,154063.55326810005
17844,134458.2580315289
17845,162049.4824599482
17846,155674.87820853872
17847,155075.67144362783
17848,153452.0920400726
17849,158296.94737292948
17850,145909.19768605503
17851,149701.24817542903
17852,156017.25368809505
17853,152247.192469648
17854,131936.3328213306
17855,132407.77083920507
17856,145185.06535702822
17857,142958.91864877543
17858,172620.37250503778
17859,160585.4864191468
17860,157096.70528122492
17861,150911.70060573536
17862,145985.83886939302
17863,148269.9412906866
17864,158057.43573851243
17865,153463.09619636973
17866,142491.76691293536
17867,155456.52515040906
17868,149127.79689714088
17869,152908.2630306932
17870,164805.42127514997
17871,153266.99309657238
17872,148172.17435227724
17873,142972.8750341802
17874,154928.62617659598
17875,164889.57307487482
17876,157137.4896219754
17877,163074.15980473423
17878,144760.72960912582
17879,149289.35631271446
17880,148490.1869935871
17881,164577.9619605791
17882,151932.77341539162
17883,163232.5772199306
17884,147477.2009794871
17885,146748.82441141395
17886,147675.11461756224
17887,158041.22055463184
17888,149552.89842934994
17889,141470.64258672387
17890,147544.35069081807
17891,161971.47914507426
17892,175725.44500171533
17893,170857.92373263824
17894,167888.52902590745
17895,159477.13862530005
17896,158023.33960523034
17897,166873.60623293772
17898,180345.30254735443
17899,165928.81828916672
17900,160741.63395700738
17901,163799.75273847446
17902,157087.81307373988
17903,157046.52866721756
17904,162465.70347732247
17905,164923.67871437958
17906,150290.03782312496
17907,164663.88821562467
17908,164417.7429336443
17909,164474.90159883027
17910,163558.85554510535
17911,162141.16522180475
17912,163979.74361918576
17913,164254.64963913348
17914,161311.83165116835
17915,163379.82523900943
17916,164425.80987798877
17917,163450.16655545638
17918,170715.97471772134
17919,146620.3433976741
17920,147114.66813542848
17921,153434.47176812097
17922,164783.35755316817
17923,162042.42925714928
17924,165520.85045555703
17925,154969.7294874304
17926,158564.39905807917
17927,167007.18113690353
17928,162042.42925714928
17929,164084.2510429503
17930,161142.85101791448
17931,165112.01643688578
17932,183323.4757785464
17933,147532.91617856256
17934,178933.72476127348
17935,172483.23771044935
17936,184914.76853852646
17937,173604.11128516297
17938,161624.23957476055
17939,172571.45042524376
17940,166286.5205883715
17941,167279.692437537
17942,168062.09283039343
17943,160158.28849176242
17944,161146.2691232046
17945,165834.4090012335
17946,157571.11596352284
17947,165540.5138213443
17948,172978.10095614908
17949,164659.33787827662
17950,150140.5038353726
17951,163407.03910963747
17952,165549.38464639956
17953,160276.29938537252
17954,161480.8896186003
17955,157962.00997839295
17956,158170.9030866498
17957,155613.8459904123
17958,164634.2015624726
17959,164399.06429991228
17960,162871.8982473319
17961,159353.20707767695
17962,160800.00963970635
17963,161414.3696217709
17964,158603.2943850133
17965,151641.39644273772
17966,162045.76406349379
17967,163771.6493330461
17968,156092.77662897448
17969,153573.8946293241
17970,139265.16017555294
17971,168472.06246195093
17972,147268.8018316701
17973,162042.42925714928
17974,157643.184590761
17975,163224.89505106493
17976,159980.30054835865
17977,159937.6031552275
17978,160291.98787129106
17979,161340.06271767005
17980,163808.3945667069
17981,157542.83688962332
17982,158987.57673688783
17983,154144.92089270498
17984,153838.87503842526
17985,161531.5027461306
17986,152738.3968909349
17987,152393.24430967632
17988,147097.0910603328
17989,144233.9976387399
17990,182163.72627936126
17991,136111.5951236505
17992,162605.73526733826
17993,156927.1314221301
17994,161460.47575650347
17995,162472.06571306105
17996,162221.54088350566
17997,162460.20757326222
17998,156454.30162338287
17999,156512.7570201206
18000,154155.06854860348
18001,159114.39050637413
18002,157636.19529262336
18003,156906.06952600213
18004,162341.82803301688
18005,155132.04976492934
18006,162910.4681481509
18007,152021.99176245084
18008,156676.53114627104
18009,160156.5506348765
18010,144015.68569974648
18011,155140.17421416577
18012,159020.57386809812
18013,162043.60819308108
18014,156530.09110678724
18015,162221.3399060257
18016,147535.40483719268
18017,150015.2563625656
18018,161249.09004125523
18019,168526.36703305072
18020,160721.2949766657
18021,156344.82558101782
18022,163424.46777078966
18023,165046.2558483123
18024,164881.8171368883
18025,148945.76960911177
18026,164203.68393914067
18027,161226.76704470647
18028,164131.82274229114
18029,157624.94640449423
18030,160069.3739696597
18031,160893.05675240306
18032,146748.79245485063
18033,155418.48846323238
18034,155649.68769943388
18035,155334.0227425594
18036,151632.0795565847
18037,159094.3912193981
18038,151763.3439515927
18039,168126.20521651456
18040,151425.1629650168
18041,187418.871925136
18042,167563.69716352684
18043,147987.09314186068
18044,165677.9498934941
18045,165621.50331512236
18046,166286.00450310088
18047,147003.92528554337
18048,162414.412620639
18049,156451.16418515722
18050,147879.12556729783
18051,146472.5394554762
18052,145026.72552007055
18053,152514.43564035997
18054,149498.7037930239
18055,151815.9247221305
18056,165780.75046287294
18057,161672.69110541372
18058,156486.00489495017
18059,151893.35049177843
18060,162368.32654163032
18061,158811.01368114867
18062,158110.64038856572
18063,141549.9296709496
18064,163426.5975551514
18065,150775.56923339158
18066,156764.22892512617
18067,150654.71066823538
18068,145536.44196815373
18069,154646.0362600938
18070,160762.5592554156
18071,149566.46158223978
18072,165957.76825654734
18073,162066.16375844978
18074,162061.35829597103
18075,163116.0300756864
18076,158792.4355174461
18077,154087.26319950915
18078,157936.52029382746
18079,141945.7531193424
18080,147375.29321819497
18081,155082.57828257332
18082,154756.61001933462
18083,156973.58341848996
18084,159826.15057646396
18085,155805.8081212107
18086,154884.3535321473
18087,140422.765918696
18088,139662.3871763299
18089,153864.05352187093
18090,154439.00145785668
18091,158581.67856131936
18092,144312.64225384785
18093,152286.09288648173
18094,140244.6888224889
18095,148679.72864675542
18096,154930.61745143292
18097,146940.87491051934
18098,153737.77556017903
18099,156193.64665300574
18100,158151.8610971402
18101,153952.6995048218
18102,153641.13321348195
18103,153534.54647041694
18104,153585.69496740215
18105,155121.76294258307
18106,155203.35438857274
18107,156908.48391633894
18108,158811.53971787164
18109,159376.0709255064
18110,149400.0270760187
18111,160383.64691992535
18112,152505.65612310174
18113,163978.15552801138
18114,164728.88596337842
18115,154127.9217437775
18116,160926.14232795252
18117,158575.30959590242
18118,162801.3287263132
18119,146888.62568525053
18120,166036.6467487865
18121,153705.48931722777
18122,163009.02746628926
18123,166175.98039838788
18124,155310.4080594289
18125,153545.70226887395
18126,143517.2484923561
18127,157519.59900742964
18128,162235.86976127038
18129,155231.15616524947
18130,152482.16149786764
18131,154457.46852006746
18132,157223.34998323713
18133,157512.26834841553
18134,154584.35859757254
18135,163210.21907317804
18136,151633.05346091054
18137,155424.62225709343
18138,162088.0250850069
18139,161662.5228296663
18140,163539.40287269343
18141,163519.52520868013
18142,158830.97933452195
18143,149164.9585794276
18144,157716.1768399444
18145,157518.13715255095
18146,142285.54411323371
18147,155952.0817682056
18148,152822.53377309095
18149,143782.80155741825
18150,153222.8213143446
18151,150899.06772668049
18152,163537.58402068703
18153,163538.68762259634
18154,156465.7061017945
18155,159265.02975001704
18156,165100.11349302623
18157,162229.4440251758
18158,155188.79655333766
18159,156865.69807253353
18160,147489.41561228537
18161,157029.59390345123
18162,155460.3068288513
18163,157610.0108694983
18164,145851.5784113929
18165,146283.72573036607
18166,144908.15060612847
18167,151778.94227513924
18168,147905.99011656066
18169,151039.5364295202
18170,153785.27274056425
18171,143171.12423248484
18172,152637.00839168023
18173,154311.60376828435
18174,149685.67757026275
18175,146754.4920949109
18176,147585.6132333365
18177,162042.42925714928
18178,157181.98381056925
18179,153520.84384596496
18180,138209.2243616766
18181,171561.27440821377
18182,158240.80819457263
18183,171314.80150044215
18184,163145.71628440425
18185,169066.59493133193
18186,151449.412768246
18187,173053.35323992834
18188,160134.80201827257
18189,141869.386420049
18190,140082.48279536417
18191,153840.67687503173
18192,143633.76301139424
18193,153410.79240784666
18194,162103.9265960861
18195,158236.56689008317
18196,166032.59512354893
18197,165118.50455894409
18198,165439.04917865625
18199,165758.24059659682
18200,146639.11729626707
18201,165606.94922303187
18202,143100.37863787802
18203,154432.48927077706
18204,153182.86921785685
18205,157573.1088855867
18206,153235.11638688287
18207,157754.5047350594
18208,151187.33358909658
18209,168019.3992694026
18210,151674.0744105023
18211,149139.45727008834
18212,150269.02573423737
18213,148916.8457948036
18214,147437.06784581413
18215,149771.60552903498
18216,146176.8870345208
18217,149315.25925551922
18218,145853.88040917568
18219,153336.14876815726
18220,144667.68175328796
18221,149349.5294799298
18222,152873.1335756427
18223,148026.26166885014
18224,165139.2802589396
18225,168117.7774363977
18226,134392.77458188022
18227,139386.80318102275
18228,145510.049897929
18229,149887.06693169894
18230,142708.22847522705
18231,156493.75129137476
18232,162442.97770944686
18233,157976.2995395677
18234,159755.44207044665
18235,151471.29642133307
18236,145682.34002676755
18237,143517.0648551096
18238,139501.01671335098
18239,149284.74761440078
18240,181580.64825209696
18241,173672.0349338786
18242,159141.4287318625
18243,156706.32227296094
18244,174133.43359127524
18245,175296.43854239606
18246,162042.42925714928
18247,159090.69623591774
18248,165460.38876540668
18249,153552.3286058082
18250,169137.3708117058
18251,158818.8999434367
18252,164949.65806677207
18253,163206.73774230143
18254,163867.31501847418
18255,162766.70617509037
18256,165549.62753443737
18257,163562.62812929443
18258,163677.34934014844
18259,163975.24455803633
18260,163458.8145471233
18261,162042.42925714928
18262,153843.93521799796
18263,162762.14073860738
18264,151686.91001757537
18265,152444.82092721693
18266,159171.63078404366
18267,149375.29250790886
18268,162391.31761056397
18269,158525.5926035941
18270,159907.27706723995
18271,165352.14209774914
18272,166004.4150145091
18273,155759.25310721924
18274,158230.58791766266
18275,160675.44007356506
18276,162743.4055225398
18277,163022.57193033825
18278,163035.14363723734
18279,162835.74741551248
18280,157749.2007390966
18281,150732.30599905964
18282,155235.49255453178
18283,161620.275097707
18284,168157.2806792193
18285,166157.5854523558
18286,169372.7346327424
18287,148240.8780544605
18288,166253.01939315425
18289,151648.7256589638
18290,177861.84861896955
18291,143954.75101273126
18292,160359.31419379235
18293,164191.92704085622
18294,163953.09377218114
18295,159530.29435216845
18296,163893.6547375033
18297,161509.50626069386
18298,161667.99249500586
18299,162893.02080140408
18300,168641.4298409774
18301,164053.42456395595
18302,173404.94993533022
18303,169121.76351585658
18304,163123.8759087062
18305,165441.82814294996
18306,165701.62925475
18307,162048.02691660647
18308,164462.1640429024
18309,161077.1759263845
18310,164845.75504371655
18311,166048.1625612523
18312,171315.5682724834
18313,163796.295096752
18314,166486.5123388679
18315,163337.28121912913
18316,172213.1237330711
18317,161079.23338254966
18318,164009.066242243
18319,163591.76566930403
18320,165961.77664285866
18321,164870.87410759483
18322,171720.39013515087
18323,173329.41266903526
18324,167837.16120647642
18325,166299.67687460448
18326,181125.2725098251
18327,181775.48991872362
18328,184081.6454018241
18329,182266.79492524118
18330,177658.59086116368
18331,180349.16176196805
18332,162042.42925714928
18333,148171.12269919217
18334,168555.9958643513
18335,163366.06430482463
18336,182100.37092882994
18337,181357.38168451257
18338,181891.78572199185
18339,183274.63767919305
18340,182034.61277961187
18341,181220.81000620162
18342,181505.53082764862
18343,177638.55383936258
18344,176566.53502208277
18345,146045.4877570613
18346,162042.42925714928
18347,164744.6141595719
18348,141579.31701590048
18349,157181.56822373025
18350,154882.06684657352
18351,146019.21163040336
18352,155577.6767692835
18353,164688.63375300242
18354,161446.2655849588
18355,157456.1333980474
18356,153697.50853120713
18357,159378.68014944083
18358,163235.61331287332
18359,165535.37902204055
18360,157170.98689118648
18361,158941.19229825275
18362,151275.9569427637
18363,130127.80621292547
18364,134724.8566898189
18365,145632.9180993376
18366,145957.8286125556
18367,168300.0985758864
18368,172499.09282752022
18369,173282.4610342653
18370,165682.4577882286
18371,157899.76627531194
18372,160733.06344372488
18373,152494.4612761663
18374,156087.0586969371
18375,154267.4449641991
18376,145321.75204267498
18377,140775.2221936879
18378,145958.34414926372
18379,155007.52707212858
18380,152303.48613046543
18381,145123.9359626055
18382,139023.24819230058
18383,176794.64794968907
18384,146777.5713886871
18385,135527.1742412773
18386,143095.71446157966
18387,145666.09066103055
18388,154263.3117353073
18389,147320.06937588772
18390,153274.00589366368
18391,145723.9769607057
18392,153920.82440119854
18393,147649.1996919336
18394,148675.68191945812
18395,148809.65556094967
18396,147877.22341688708
18397,144989.31155101693
18398,147469.76593656564
18399,148539.33283907702
18400,159910.64547342772
18401,155707.13945533632
18402,148706.2213353879
18403,161018.52275221987
18404,152701.79698556592
18405,151416.44556680918
18406,148163.97379655082
18407,151070.10573602477
18408,149577.8226614938
18409,145291.3048019145
18410,154113.15573282764
18411,155864.64136847065
18412,151016.5671765084
18413,145542.5114713634
18414,140125.59587605554
18415,147365.1764751287
18416,140978.33321035362
18417,145363.93549580898
18418,143452.3423139999
18419,140212.10826485945
18420,140078.89047691465
18421,145136.58646176744
18422,145195.36723465618
18423,152192.6002337567
18424,141959.2304546165
18425,137688.8144392083
18426,146861.4571688114
18427,147851.8084407312
18428,144447.50398251298
18429,145756.16729096623
18430,153652.87037673776
18431,144582.4488069641
18432,144776.2824860984
18433,144203.505069756
18434,132663.3456738707
18435,145593.07055149294
18436,146819.55785354238
18437,133384.35238043856
18438,151440.94093860354
18439,153190.2759858135
18440,152616.44251137975
18441,151474.2033170391
18442,155562.2795687513
18443,157530.82566743795
18444,133688.16502158064
18445,157528.47222485938
18446,155049.9946057896
18447,155406.35678268314
18448,144620.22252635605
18449,149184.0216524035
18450,154340.841449917
18451,146307.64137125423
18452,146615.07464214283
18453,148079.2961756611
18454,147376.05064668506
18455,145277.33199564606
18456,146764.34879845753
18457,148882.8602026695
18458,147836.98085762406
18459,140714.38169736275
18460,145003.7256050549
18461,144574.30200093065
18462,152626.20540261947
18463,143455.6377699767
18464,139172.4421320861
18465,150109.64570842136
18466,162042.42925714928
18467,150852.69491800093
18468,150060.1621839255
18469,152784.2315646425
18470,146818.05760943043
18471,149214.01733105408
18472,147872.89967241534
18473,143531.71552494078
18474,154738.5484008952
18475,148476.88397462096
18476,151780.34890131894
18477,148728.34559320592
18478,147783.67039724966
18479,150621.41055692753
18480,153868.33417720607
18481,156489.24106596896
18482,155247.70780344823
18483,169384.36913334386
18484,179215.45675835316
18485,155715.90204485066
18486,148270.67663673536
18487,147074.3669786469
18488,144822.6438338086
18489,152895.80609377704
18490,139558.22554847022
18491,149202.06663798078
18492,159711.72101066285
18493,151099.4219801267
18494,150062.10263568297
18495,177711.7237395315
18496,155786.809369502
18497,159898.92403009135
18498,151032.2445733624
18499,164125.69526426785
18500,171831.7759259897
18501,184522.44639394217
18502,156905.4553342248
18503,133813.31538002897
18504,151815.87879427776
18505,163896.83010941115
18506,139955.59643320253
18507,154464.71257195334
18508,154842.66457850486
18509,158233.34899768812
18510,168103.30473803054
18511,172044.42884658373
18512,171070.36049316762
18513,175777.58942442705
18514,158489.09020849783
18515,147869.41877514502
18516,172287.37268537702
18517,163100.1639425506
18518,159247.82946711438
18519,158163.99074995634
18520,140886.90447034495
18521,147159.31005272386
18522,143768.15225895794
18523,142886.87299413295
18524,179627.23876557968
18525,173312.6618998422
18526,181667.5585486293
18527,176912.47412508787
18528,172243.54983930482
18529,167475.43905893798
18530,177518.50748900048
18531,162387.34654729802
18532,146159.01195395167
18533,158823.77627386834
18534,173015.50995881358
18535,181098.40869198623
18536,163362.8068220083
18537,147465.31884748145
18538,156915.41461727986
18539,157057.67038386528
18540,180726.3597306105
18541,181362.58602773637
18542,179775.79561228596
18543,162134.91575740487
18544,179845.67483737104
18545,167560.68639857665
18546,146550.62723104822
18547,171608.95656481513
18548,169270.49812197295
18549,181453.31152948953
18550,166945.04674467683
18551,155540.7975030769
18552,159255.50177154873
18553,168872.7543238599
18554,169929.08948809435
18555,160121.95057027767
18556,164180.39729461755
18557,144042.54842223288
18558,156155.69927318994
18559,179069.11578032674
18560,144474.09566826178
18561,154210.3217983927
18562,183018.82420841706
18563,162735.07247684163
18564,158539.05119572536
18565,147283.66569124107
18566,144887.38571069346
18567,157242.90065535315
18568,180105.25546324564
18569,177542.70652832513
18570,167182.85099484117
18571,177073.35851094674
18572,184637.00768963996
18573,152534.5421061447
18574,174298.15091292054
18575,138319.6199295739
18576,175076.13285116758
18577,150322.31425982536
18578,154197.4409839731
18579,163012.85441953022
18580,151013.3224650532
18581,141878.06864705408
18582,148998.62510794372
18583,147168.21321842563
18584,151967.1285887565
18585,146444.99866896152
18586,164848.9311959664
18587,159705.69108177835
18588,144003.60410209815
18589,144292.31995072713
18590,145350.25204605333
18591,152048.11411714222
18592,152209.41301949575
18593,173523.93840117095
18594,160443.8563846823
18595,163096.86354756812
18596,163183.80439289327
18597,162537.16036356022
18598,168828.11689835615
18599,181177.5452804985
18600,141692.10801206614
18601,159145.54813238807
18602,142845.9637913469
18603,148054.89277075525
18604,175046.001226053
18605,158197.4238819023
18606,168661.31009326543
18607,141108.9033644582
18608,146470.40163080068
18609,157435.51094448846
18610,164957.96072853272
18611,166814.9964026067
18612,151974.3773853945
18613,170404.3249595991
18614,158544.7271499634
18615,163147.91245498243
18616,167747.33728538718
18617,147739.3121217962
18618,150875.26373709616
18619,145249.91154685253
18620,157648.49632085
18621,144868.72483757432
18622,163325.6614030579
18623,138289.40895155902
18624,148947.02173780533
18625,146790.53134280996
18626,149035.07206432588
18627,146163.85415518668
18628,148267.103470601
18629,150985.35079594693
18630,164584.84488946674
18631,143041.012670526
18632,139399.59966473398
18633,142175.7946448726
18634,146200.47349797274
18635,147477.71305179628
18636,152725.99274711477
18637,148486.05572598692
18638,148018.40022802126
18639,151488.0931825024
18640,158864.1277012145
18641,142584.91705487325
18642,153108.02546849212
18643,152375.76874001752
18644,150796.64506658033
18645,150115.19602455045
18646,143835.50793898682
18647,169247.02070397325
18648,170315.33358986693
18649,141133.96518554003
18650,166737.0191990552
18651,154924.19487613378
18652,158863.69433781505
18653,161524.59678797194
18654,147843.4573859499
18655,144950.03591648504
18656,143475.4236873953
18657,154599.5878583388
18658,153273.77085429645
18659,151446.3410661974
18660,166265.47603227198
18661,159674.76941349436
18662,152151.12648410362
18663,161237.7347247712
18664,150084.5519000937
18665,152955.98689402963
18666,141379.14418206256
18667,151663.48225723734
18668,155507.7769177994
18669,143528.9558696556
18670,152198.82387895865
18671,151097.66566045518
18672,159511.7488158426
18673,149239.0877945781
18674,151279.69064458
18675,150987.81718655667
18676,155243.9494731959
18677,135840.5484646359
18678,162332.4517344232
18679,146193.54947636678
18680,150372.15204914962
18681,143657.14565567378
18682,158491.59637136525
18683,150170.0998875715
18684,144918.67773598898
18685,150754.55564350114
18686,149618.7644427317
18687,145698.86124850283
18688,152334.1548587117
18689,150556.9099826632
18690,156669.96781989984
18691,152616.21485402298
18692,160778.5632646517
18693,150508.43017446066
18694,161779.27562062896
18695,181338.64284474327
18696,161211.30361589967
18697,169610.2640465789
18698,172677.32749268963
18699,151122.77420974488
18700,145281.19328964935
18701,155545.4321716575
18702,159314.84683514963
18703,181442.8250696392
18704,158656.93776842993
18705,171571.61665984834
18706,164022.56537961875
18707,180518.29532742605
18708,171413.8614683936
18709,179622.71599931343
18710,173251.76755396152
18711,163444.09166958765
18712,149481.02244747189
18713,150631.43133848745
18714,150398.7281360544
18715,157208.6219164828
18716,146578.1626989927
18717,138687.34464168941
18718,157816.7689699135
18719,153364.9976846851
18720,146995.00047481674
18721,149673.12566560917
18722,148760.56616541563
18723,144515.56177158214
18724,144990.88974010455
18725,135363.70017875056
18726,153397.63341812327
18727,158207.3644930733
18728,160681.07668635657
18729,157107.4918088132
18730,146181.4984717397
18731,156283.7489332236
18732,162310.19857387253
18733,162983.0368141815
18734,159029.18239279286
18735,154381.2257934631
18736,155913.20736307473
18737,152412.89237802912
18738,149839.1457803044
18739,152342.7472215297
18740,165221.2959538803
18741,153627.18230197197
18742,162687.59440977807
18743,152113.8126275106
18744,150793.38242783316
18745,160538.93655797825
18746,151495.52308067563
18747,159553.48274898104
18748,155779.2008443867
18749,157424.816066322
18750,158139.00397705357
18751,149939.27521550388
18752,158739.324360991
18753,156366.3964372375
18754,171659.53119304526
18755,173541.27285678274
18756,164358.91638970043
18757,144821.41199282734
18758,153436.22531149405
18759,148035.64791588066
18760,152852.8514095894
18761,151056.78259012615
18762,152196.09733697466
18763,155297.96057904477
18764,153283.4711680183
18765,152992.25932280582
18766,150248.14722453608
18767,153465.85328086303
18768,159508.5518046842
18769,143288.57797828497
18770,162096.9655430881
18771,166121.94186254533
18772,158275.09092073733
18773,157112.9718575659
18774,163218.8888025706
18775,167771.4966220965
18776,150152.10817304393
18777,163299.44297677136
18778,151636.64359100937
18779,153816.37306388852
18780,162287.1236333838
18781,151632.53825515907
18782,160007.96697101192
18783,167134.22210474397
18784,156929.70599432653
18785,152225.0550909001
18786,162042.42925714928
18787,152064.6608531586
18788,150525.42636975192
18789,148040.1560004845
18790,153235.24081589674
18791,152754.0243118766
18792,160598.91595741082
18793,145470.1303943191
18794,153087.63849055758
18795,171378.54871858444
18796,152738.9888828273
18797,155910.85265624992
18798,153862.6078377548
18799,166671.62112977737
18800,158436.54378271758
18801,152507.04691635046
18802,152691.25340250644
18803,156209.8711403954
18804,154818.6209790186
18805,148907.70514312392
18806,156520.71026521517
18807,167761.7867184047
18808,174471.70821200704
18809,158874.4444374769
18810,160499.72111722027
18811,166756.277722729
18812,161371.25365168173
18813,168680.6783772003
18814,179898.14543127202
18815,186470.9753953898
18816,165597.93488859897
18817,182635.42222081593
18818,193134.74432627443
18819,163971.65996120826
18820,205922.85813428005
18821,195695.33144329707
18822,176154.84366872968
18823,190168.58679530586
18824,175346.01336591624
18825,160652.59367421566
18826,159324.76923307992
18827,156213.34303103105
18828,154665.35012562064
18829,156864.9675791009
18830,155120.75433240764
18831,151215.90126958932
18832,159249.4939517282
18833,157819.9959725685
18834,154628.9614395848
18835,171393.7964788325
18836,175882.9734952146
18837,188792.947325242
18838,153363.21651027905
18839,154529.7887059653
18840,155509.82950496435
18841,166063.4689915837
18842,155349.9080889248
18843,164076.62990595616
18844,167093.21557529285
18845,154401.98502638304
18846,157501.04204539763
18847,185884.45919948508
18848,166706.80858286467
18849,159511.86755240918
18850,184806.04714566484
18851,151292.95995149092
18852,170865.04357412065
18853,157393.56522100288
18854,151927.88061678456
18855,161584.19316084188
18856,180177.91386502844
18857,197199.073234782
18858,174179.2762440419
18859,198452.35459545229
18860,157846.7409806814
18861,140436.70960549792
18862,162234.06000759598
18863,165508.49765620573
18864,167694.67053536116
18865,173966.6760433545
18866,167086.7802906598
18867,171468.6345107553
18868,175494.74972439595
18869,176312.77049329915
18870,178529.07105866913
18871,170394.80057089208
18872,152148.56495472547
18873,162042.42925714928
18874,171018.3055601404
18875,146352.30074440874
18876,177723.17457458717
18877,159301.8876487702
18878,146011.4999044858
18879,152338.41100208194
18880,163114.53826949283
18881,181352.15774135306
18882,183358.57531936208
18883,184490.7314085001
18884,183394.90947159356
18885,180712.2467080178
18886,180103.04926641425
18887,184373.65300660467
18888,172545.84236515078
18889,177484.5798383197
18890,181076.99600890809
18891,179334.7065617554
18892,183427.80013463568
18893,163303.76560538355
18894,168605.46513382797
18895,170477.93489202054
18896,171866.82408616442
18897,177490.08544236622
18898,181029.1301163618
18899,185519.17079683562
18900,182193.9946345876
18901,183054.01529592442
18902,184859.44690705085
18903,159167.87308985254
18904,179661.2867049081
18905,177714.71378580842
18906,157467.23063229225
18907,162231.1119371809
18908,146720.4462436161
18909,143511.49137298396
18910,159416.76697923458
18911,152834.93884354417
18912,143870.79938105814
18913,154219.20600710082
18914,162042.42925714928
18915,162000.06796570143
18916,165477.1023370867
18917,143713.7687314149
18918,184542.10725428272
18919,164813.79685107782
18920,149791.86177583688
18921,141305.47706394544
18922,142922.5537851278
18923,148363.86817889204
18924,146454.2589878358
18925,139250.9715828418
18926,153805.23456163963
18927,142014.02045494734
18928,133626.6081472067
18929,159559.5073460362
18930,163228.46920853262
18931,137872.23629835233
18932,171233.92125517904
18933,145625.44421943088
18934,146702.71392314753
18935,150314.8710742903
18936,132900.5067442573
18937,137205.47868021185
18938,143471.62300394903
18939,147956.61546200345
18940,149284.88041701075
18941,143614.335646321
18942,134347.41754789546
18943,145105.28864267474
18944,157543.5385628567
18945,149015.9116268785
18946,133414.58811719003
18947,138476.29819171104
18948,141162.7774849791
18949,166243.67492145806
18950,162710.04310335248
18951,168518.14908777378
18952,167895.46865197038
18953,165526.82940118507
18954,167221.3329477878
18955,153945.77044488615
18956,169706.9779322157
18957,169181.43378096263
18958,168517.1480407223
18959,168756.27528062288
18960,163166.20546143374
18961,184210.1157170972
18962,159441.95708520064
18963,157012.76860889624
18964,157953.37516257068
18965,161045.12961306403
18966,161503.44070907193
18967,167602.77946770826
18968,151535.77917408117
18969,153959.83991507016
18970,156951.82064189806
18971,139280.1005000023
18972,129768.15574986654
18973,144944.19979706832
18974,155341.1824460407
18975,162205.04341117042
18976,144683.31511023405
18977,147141.0936547929
18978,145370.11876498125
18979,140433.65850158353
18980,149107.04924860282
18981,134382.17861717875
18982,144760.40078865545
18983,149648.70959338878
18984,147327.71436259663
18985,182965.12522756803
18986,157110.68534315727
18987,144379.55146302708
18988,155255.91646421864
18989,134761.56321115282
18990,148407.9353542307
18991,142803.10945896344
18992,142389.333605956
18993,149177.6099277987
18994,152514.50395921187
18995,145616.43337765694
18996,159061.73432369254
18997,146667.62213535458
18998,147226.8345769946
18999,147226.68554811936
19000,140375.3770925287
19001,138561.2933359015
19002,143609.68904300648
19003,140012.96049673567
19004,147525.12182233678
19005,155041.13556522332
19006,178836.42765138517
19007,164868.32463727493
19008,178889.42503698167
19009,171205.25363975758
19010,165658.0089836918
19011,154040.05759737603
19012,151826.06507466643
19013,143695.05085712796
19014,160248.94756400035
19015,154043.5312992699
19016,141332.56803281483
19017,151040.2614153761
19018,139811.43203692944
19019,144439.46355567937
19020,146632.92847618271
19021,146190.88962440673
19022,147731.79510413535
19023,153055.16319997684
19024,146340.86914913554
19025,145740.95325044083
19026,164727.65089006824
19027,147251.9086581225
19028,148729.76037386394
19029,159838.97228575643
19030,145272.55176080394
19031,146953.41149166255
19032,144484.84338591056
19033,141305.667283803
19034,154930.6048180739
19035,157599.88468489714
19036,147911.28219330162
19037,168914.36937588814
19038,168064.42112555268
19039,163439.34817828567
19040,166395.68582292183
19041,159862.5377799941
19042,154742.89839374932
19043,151004.73260582666
19044,157962.3181574109
19045,148501.92526982524
19046,131423.9337895983
19047,151448.22760503212
19048,167098.20706968283
19049,169586.13856189157
19050,157252.93806749803
19051,164096.60240597776
19052,166263.8767724828
19053,168047.06178899168
19054,183103.0018645897
19055,174545.78513806217
19056,155380.25465681488
19057,164671.86740973472
19058,153911.27011423488
19059,160003.64661006242
19060,162042.42925714928
19061,151367.4386860452
19062,145406.4323822473
19063,144077.27499159882
19064,154721.23380437368
19065,148895.0483171331
19066,163098.1550615341
19067,147960.186720957
19068,142909.5283849122
19069,156054.97972136067
19070,144090.46070869034
19071,162042.42925714928
19072,157069.94738102116
19073,155893.11950566043
19074,141399.36392093875
19075,144447.96640738184
19076,152476.37935530904
19077,137308.52587419844
19078,141817.6891994262
19079,145426.40815474052
19080,158557.26783673832
19081,157595.87629846454
19082,146424.09678538184
19083,171707.18485500955
19084,150914.98883786678
19085,155898.17679997144
19086,164265.7874715659
19087,151888.69436046903
19088,169266.93334640545
19089,151492.24573134395
19090,141310.20240132953
19091,143145.24884990518
19092,143297.08058519327
19093,143656.54534413616
19094,139864.69282745704
19095,143823.5632986467
19096,141301.72771222916
19097,146780.07972493424
19098,158667.46014736764
19099,158601.8535180652
19100,143098.084738746
19101,145215.66807685723
19102,149683.47694599262
19103,136532.30194972816
19104,137940.32685695644
19105,136010.6249194775
19106,138370.92383164578
19107,139791.345527677
19108,172269.89984909949
19109,173290.68905068992
19110,179101.44722505912
19111,177409.70005997372
19112,158841.20500766323
19113,141768.34904501878
19114,147916.45580930822
19115,163679.35906223836
19116,179840.42895732285
19117,180792.17386242666
19118,180081.32904442653
19119,166623.3289059379
19120,180042.32153765985
19121,167182.1783877549
19122,162042.42925714928
19123,148899.95162403907
19124,178321.09314659052
19125,158192.37634201418
19126,158101.44228146796
19127,156854.727910299
19128,153500.96297912727
19129,155309.76114117852
19130,158507.705707666
19131,162783.509794205
19132,174230.1064072232
19133,141816.4793211076
19134,150431.57664414047
19135,153692.1277932172
19136,158206.82664033782
19137,169261.59976207462
19138,142627.19453666118
19139,140503.83686645806
19140,139194.30155767463
19141,139220.98374435594
19142,139697.79174730668
19143,149156.06842427206
19144,151246.36371722654
19145,146200.2730716218
19146,150699.56031491223
19147,134795.9737694123
19148,141340.39177800698
19149,136281.72877440904
19150,162042.42925714928
19151,137671.00179106984
19152,145649.75842388062
19153,149262.11026882404
19154,136773.1546322827
19155,140227.43123993836
19156,139703.4745165557
19157,135434.68084475375
19158,139048.36915878364
19159,138946.62944022872
19160,139698.66035953123
19161,138921.89756536603
19162,138852.6404965132
19163,135969.63463046783
19164,140016.32275239113
19165,160077.870700429
19166,154011.39784925472
19167,148114.87619542892
19168,141710.39489170664
19169,145666.58772828875
19170,142317.8180300283
19171,146326.27312714973
19172,155840.99147725216
19173,143967.14272291586
19174,144875.28697271296
19175,139153.4347668897
19176,141439.18044100024
19177,142047.66201499468
19178,143179.13402951724
19179,152825.0630350471
19180,141720.29485665518
19181,144945.23810410438
19182,136986.51479176356
19183,139155.83064560205
19184,146980.61672845506
19185,144956.3812872535
19186,140294.4744526694
19187,151828.82914863818
19188,150654.48480937042
19189,161114.916706395
19190,156490.04737700243
19191,173188.64854115277
19192,162374.3125365444
19193,166480.23048630255
19194,160627.06181335586
19195,161997.84673921406
19196,171213.13673079
19197,162464.9687200239
19198,156711.6357733876
19199,167787.22501098271
19200,161052.32242899717
19201,179703.93463461348
19202,165448.95331539243
19203,179271.79258095176
19204,179228.19828749265
19205,151484.90728808916
19206,154904.65475292483
19207,160880.98691401863
19208,167845.7485641622
19209,169086.51588178624
19210,168628.19358599166
19211,163336.0550595698
19212,167202.73143386716
19213,177151.81612144923
19214,152462.82024489812
19215,181124.87316486734
19216,139012.4675658633
19217,143519.316890975
19218,143068.0353937023
19219,144558.28831294266
19220,139737.93660961656
19221,149857.05260257618
19222,155659.91024940286
19223,159417.4452822837
19224,165669.2976191202
19225,148162.23532280076
19226,146817.0437185304
19227,143219.86769865907
19228,142094.49991648915
19229,142430.79143810502
19230,149072.86278701707
19231,139097.7258067425
19232,146715.22324718293
19233,146316.9574532094
19234,144311.758389434
19235,145424.71702926766
19236,149730.2551356639
19237,141936.5809153315
19238,150944.83689506247
19239,144573.4169670312
19240,140806.04934070422
19241,134492.6298063705
19242,148784.25869912433
19243,146047.99441241377
19244,129210.39888292016
19245,142438.5756895188
19246,143443.9503294383
19247,140413.49440634865
19248,139461.30961029508
19249,133774.43186593696
19250,138257.66860903913
19251,132671.62630384456
19252,162042.42925714928
19253,154585.31566150987
19254,140546.00311684085
19255,141681.83104345386
19256,140891.18387925474
19257,141055.9291805022
19258,139953.729833331
19259,142943.92355530866
19260,151122.68522876408
19261,149399.81282930705
19262,145857.8637374829
19263,174152.79286553085
19264,160463.06172216433
19265,152482.26650123455
19266,177856.2696771357
19267,142060.16574343917
19268,138940.93164393277
19269,141157.39655330282
19270,136423.50592833405
19271,146196.51130926108
19272,135714.28060442294
19273,140745.59594192103
19274,139760.15325271274
19275,135926.17779715726
19276,169143.73950076828
19277,156615.4705892636
19278,157471.82588186223
19279,150478.64009426447
19280,154083.28833392233
19281,150673.27600912144
19282,156013.09062870254
19283,158267.05601474628
19284,165963.72853416807
19285,161841.08750162998
19286,168905.74612242432
19287,161479.269427703
19288,142840.2509453352
19289,155443.11377076898
19290,154698.04089732666
19291,162130.92239027872
19292,142628.34959091703
19293,162785.03149361734
19294,139617.6087337238
19295,143490.27345709066
19296,166189.63557895806
19297,149996.927838148
19298,150979.22900528222
19299,138454.63521949502
19300,142437.19812747513
19301,144822.3301312936
19302,156063.57603341545
19303,152106.50913433894
19304,155198.29651719518
19305,157338.22295186337
19306,156890.0690597385
19307,150436.7561581192
19308,144711.17139972717
19309,141699.5135013342
19310,138364.49434325894
19311,138411.73147783143
19312,154944.63407170516
19313,152222.1974654534
19314,160972.44110231492
19315,141537.74730868646
19316,146404.22465478405
19317,155541.4345753006
19318,177235.44242034596
19319,155024.66146192318
19320,159722.16955550565
19321,158915.46420033075
19322,156347.9029216495
19323,170670.00133775125
19324,175983.55000258322
19325,173771.4466739953
19326,171887.63396932834
19327,162698.6406838641
19328,153901.1172177523
19329,148298.77189772468
19330,147098.17967694608
19331,162691.07598970557
19332,162042.42925714928
19333,133203.26409077962
19334,136167.89674005052
19335,139565.2071762845
19336,134480.24811167884
19337,136483.13565042804
19338,151598.27258374743
19339,130444.74755490337
19340,148242.44136923435
19341,178949.52092386628
19342,179299.64521707312
19343,161535.72715246223
19344,143017.94027236634
19345,154542.85772202924
19346,145082.00557427874
19347,168096.39163830932
19348,142354.0490138592
19349,155403.47586180898
19350,156642.64146604325
19351,152403.07782217974
19352,161781.3817467583
19353,159842.2012403755
19354,143097.9378718638
19355,170209.43167120978
19356,141177.72789836506
19357,158384.97168051187
19358,170618.98303475406
19359,142044.88936300634
19360,157510.7535927575
19361,144289.39525392672
19362,128426.64666546635
19363,159532.48066154154
19364,149638.71409614832
19365,151075.37360283558
19366,176038.9237579565
19367,152067.22406769654
19368,140983.21420830247
19369,136568.471614426
19370,129559.96891376622
19371,166934.38931458537
19372,160820.56816520184
19373,171086.12355549505
19374,158320.04462659033
19375,166199.41132460182
19376,155996.9371125735
19377,156074.57175299647
19378,188924.54784497884
19379,152515.31178602768
19380,193943.82957400283
19381,186446.6154720181
19382,179849.44307120645
19383,168455.72853103885
19384,155145.49525142304
19385,159120.0007653979
19386,179546.5731478597
19387,172634.3444480207
19388,156391.86649673127
19389,164618.88911769804
19390,157308.8792966622
19391,162042.42925714928
19392,175288.0084136911
19393,170844.757770115
19394,161077.67874733152
19395,147703.08170071754
19396,159935.9090632479
19397,155101.17683790004
19398,178914.91948721113
19399,175469.86435686424
19400,159570.32500662762
19401,153637.9877631351
19402,162042.42925714928
19403,155421.3712226784
19404,159401.09302454893
19405,163318.0219229781
19406,157213.40781201195
19407,158573.00576336516
19408,170609.87655534968
19409,162335.91401888378
19410,163614.5023386156
19411,159707.419856238
19412,152199.48549657981
19413,161517.6973803787
19414,142392.30004549923
19415,176960.20398031053
19416,163335.52401777895
19417,166679.0809075418
19418,168601.29835947778
19419,181761.6140889427
19420,181384.62155712664
19421,154664.21176768557
19422,191693.31616904362
19423,151678.1632728582
19424,161996.55089788153
19425,144309.8643405224
19426,156726.79140717862
19427,191904.49575466427
19428,161023.67646861516
19429,168889.43379827743
19430,144869.80338359214
19431,143262.9193973038
19432,148157.2074751486
19433,145289.30362418992
19434,175052.32403242073
19435,151556.6734902324
19436,158819.89598450455
19437,161340.49328616305
19438,171542.87715690685
19439,152184.94942801414
19440,169723.19572370575
19441,174876.68105167223
19442,162998.0170787379
19443,162108.03537971844
19444,167600.2227857061
19445,160836.7673730428
19446,145057.56437579688
19447,153251.06791168614
19448,166077.57703776172
19449,160655.87401738926
19450,166204.72292888068
19451,169083.32480856508
19452,157004.76639217418
19453,155441.35272961314
19454,158776.78554684125
19455,157547.98641002644
19456,175609.7065405353
19457,146410.10098416076
19458,155510.07583455084
19459,154613.02998132116
19460,158001.987996067
19461,165008.2092389471
19462,169996.16938361508
19463,161842.08309854643
19464,155802.90577535718
19465,156729.7788344613
19466,155358.01377900128
19467,145775.56506210045
19468,169677.49795732438
19469,169855.58473367977
19470,152782.79085194855
19471,150617.1390998627
19472,155923.75533209098
19473,160917.76786406277
19474,154271.29394629528
19475,157177.61447041194
19476,156143.84955288147
19477,170896.7988116026
19478,158163.7748268893
19479,154397.66697469936
19480,165151.36056869576
19481,161851.64566237392
19482,173408.28531998952
19483,182881.49124480068
19484,175222.8208784607
19485,162042.42925714928
19486,172986.54266798592
19487,168080.50214776784
19488,170143.3618950664
19489,179662.19179882985
19490,187550.96940186337
19491,187087.69696330494
19492,197213.07555447274
19493,167292.3988348546
19494,178270.12526847492
19495,178312.45075740156
19496,184716.18348032463
19497,184190.12817039274
19498,188181.34110979986
19499,174941.09809980943
19500,163730.24282633938
19501,169567.7157270873
19502,178585.47098264977
19503,167382.52401220045
19504,160480.38702178464
19505,161075.62704239477
19506,143465.76827421453
19507,171743.5077652535
19508,175843.0158835421
19509,182490.33400068842
19510,175162.42597479423
19511,169993.28284123508
19512,172867.23810542733
19513,183025.91354883296
19514,188074.29542421352
19515,158712.828389596
19516,191625.164942435
19517,177386.35483941075
19518,171800.51616093627
19519,182209.96279554238
19520,182058.48259293812
19521,190692.8945848323
19522,154079.06864104397
19523,191819.31788346558
19524,155483.73387927984
19525,192595.22540953584
19526,157398.46242960478
19527,181980.5746019933
19528,184266.8954030959
19529,178956.13677772376
19530,186467.69892347453
19531,180889.2533615524
19532,161186.39768388783
19533,176601.3351513457
19534,166360.54425242936
19535,156054.41681643343
19536,137775.38350386987
19537,161099.9963923938
19538,158165.40903169988
19539,174476.00254430308
19540,175117.1041941804
19541,182511.2564079107
19542,177940.42810555515
19543,174305.4309292508
19544,182015.12256854284
19545,181777.8186617064
19546,168705.43577334264
19547,191665.94813149
19548,183813.4450602156
19549,173655.16710675615
19550,175979.3265596231
19551,169716.12991844717
19552,158005.36111027608
19553,167533.0681925556
19554,178674.4924290076
19555,144563.9779788625
19556,178049.8690848706
19557,164891.68059573817
19558,172015.9726109087
19559,162042.42925714928
19560,178073.2549553146
19561,142738.1632075766
19562,152782.53371642902
19563,169326.4528889456
19564,153352.86267129096
19565,158380.91733559093
19566,165836.6506924355
19567,154466.37921355735
19568,175114.27841735535
19569,172097.97642659233
19570,184333.11715472458
19571,158140.34343330457
19572,157979.29501502364
19573,152484.93201128056
19574,154519.40323178525
19575,159051.64740482272
19576,155819.88136473007
19577,166262.7907985709
19578,149814.45782888128
19579,180740.0469703386
19580,162453.67626560776
19581,150127.48445637382
19582,169037.7114312975
19583,158613.1939919974
19584,178006.57705753527
19585,168409.39617217326
19586,170603.69563036083
19587,170193.6725818268
19588,176803.5817756832
19589,170586.5294392782
19590,166261.54008273562
19591,161257.5968976279
19592,168941.6022619537
19593,177205.26481923388
19594,164523.98815730127
19595,172948.20161018308
19596,154164.21261562197
19597,165390.13809533083
19598,168709.9088407066
19599,155741.6910110799
19600,168139.27823959664
19601,165121.0624866083
19602,175395.01691250218
19603,164728.96169659268
19604,170789.07039961312
19605,170223.8109660296
19606,170549.00448366284
19607,162042.42925714928
19608,143920.91291007213
19609,177554.9551622524
19610,141299.8181293046
19611,176425.79103358262
19612,148501.0053616348
19613,140382.71342296325
19614,168039.69350578418
19615,167552.3999669007
19616,166978.13162573648
19617,169484.9293224512
19618,174878.06906325606
19619,171465.21746597078
19620,190923.76592332023
19621,179264.5491993642
19622,170061.53084544005
19623,177135.4304812325
19624,180037.97270408305
19625,154462.78261930708
19626,164353.29842891917
19627,183229.90851160313
19628,142620.5970884396
19629,155967.80728072065
19630,159947.5974358811
19631,155027.37586839648
19632,185404.3591546235
19633,168747.555985083
19634,182725.83369360893
19635,168016.19130550156
19636,168945.02995092023
19637,170979.6465762288
19638,162042.42925714928
19639,158135.90550748116
19640,159835.35246919535
19641,169448.26569422602
19642,152911.6453692233
19643,158367.90995130915
19644,153773.91453189318
19645,156216.30576992023
19646,185932.40712563187
19647,150776.2074829823
19648,165973.67617985592
19649,169130.645806096
19650,139483.01639911844
19651,149574.4165142817
19652,179616.99363345237
19653,183455.22299423924
19654,177672.90416974731
19655,162458.9004655828
19656,181949.85915736487
19657,150631.41986384863
19658,158919.33998899398
19659,145426.04791511496
19660,153635.93199485156
19661,190451.9869887023
19662,195059.56820638102
19663,166735.51517240528
19664,165056.59834483478
19665,156154.34776358207
19666,176563.60862651587
19667,162242.37592518787
19668,170177.1973643396
19669,145844.17312437872
19670,161470.65703322954
19671,143904.00393715504
19672,159331.5698594747
19673,159825.63180359622
19674,154330.46193718014
19675,146617.10847021375
19676,143631.60838623738
19677,163141.1984766078
19678,153936.09570629345
19679,153312.4286068757
19680,167116.19806082547
19681,176126.7802026872
19682,161715.03999909075
19683,178679.77816723022
19684,181892.31010517364
19685,184864.66716196365
19686,180439.79759504972
19687,165099.46633616101
19688,179893.88247292954
19689,158544.2118548509
19690,172879.6351553118
19691,175758.13551086155
19692,173297.11194762794
19693,158709.9061307375
19694,163222.6454772191
19695,171250.36212893657
19696,141888.15607006892
19697,161419.9219316762
19698,149286.0950145499
19699,159457.54300999688
19700,153292.76277769124
19701,151381.70239461606
19702,154861.68732216622
19703,155450.58548111067
19704,156656.5888373291
19705,164912.67007109456
19706,164110.142154577
19707,151252.28583611763
19708,159710.9703335454
19709,149906.23354050933
19710,159733.34895801885
19711,157667.13333314875
19712,152478.50635907098
19713,175612.12415695618
19714,167670.75753707247
19715,165656.92050619598
19716,175562.72746517582
19717,169842.94263243905
19718,163943.48978382532
19719,156957.40821743218
19720,178547.41160882288
19721,180882.12117563383
19722,184611.65115137564
19723,183243.12017364718
19724,174007.89259525013
19725,174587.6453709681
19726,164408.44694419816
19727,173908.00122245212
19728,170683.80823586823
19729,160895.22799421378
19730,167164.13379531124
19731,160869.6718313528
19732,156127.96397953108
19733,171719.04288002322
19734,164353.86704003447
19735,169283.20639254287
19736,150435.50012229232
19737,149299.3532527067
19738,148211.32331965023
19739,144854.82339687142
19740,149202.2006252399
19741,148000.0604039377
19742,143776.26789635647
19743,150225.74601955252
19744,150394.2118179337
19745,142717.6501612866
19746,172158.090557449
19747,164819.93492884745
19748,150214.18777483783
19749,176887.62738366955
19750,190317.2856287115
19751,184302.97669319663
19752,150395.78631597964
19753,156605.1729272445
19754,167532.0145404022
19755,164838.97657497297
19756,155796.2811376848
19757,154842.34595271482
19758,155715.62603405924
19759,149731.96976682195
19760,149082.78796368223
19761,159718.51938400714
19762,155666.05037680958
19763,166173.61494869954
19764,168386.6068546879
19765,155313.22391041752
19766,162042.42925714928
19767,168810.12916000502
19768,162844.50508577048
19769,161681.9290496544
19770,153933.70356029458
19771,149919.08455253314
19772,168936.7700076486
19773,161937.18007104943
19774,155564.47879168787
19775,141766.0196531349
19776,155016.30339654573
19777,156358.53066265438
19778,170570.59086047558
19779,176717.52880138223
19780,165536.06030596344
19781,147297.84121125448
19782,159353.55406476118
19783,153136.9075221457
19784,142132.62290138798
19785,150574.96366990532
19786,140434.91402297353
19787,145785.15000390948
19788,156739.9431269012
19789,147760.44362922673
19790,145540.51259680258
19791,137681.98318177948
19792,150818.29225548127
19793,146017.7866173227
19794,140204.780215732
19795,149722.45987215708
19796,144279.94990297017
19797,154186.66804428713
19798,149814.59611978693
19799,140046.55282822344
19800,137879.26484688354
19801,134373.51694495036
19802,161524.8543995681
19803,152670.78555428062
19804,140393.97046309098
19805,141146.79948672623
19806,137984.24650283772
19807,172476.62011336858
19808,185576.04806518572
19809,178373.7223975614
19810,177732.864662159
19811,176823.96214552366
19812,163718.48888219133
19813,184847.73288725544
19814,188805.0013202528
19815,186059.41009608936
19816,171673.06261837418
19817,174203.24682249365
19818,162042.42925714928
19819,178300.57541353113
19820,175358.71410523076
19821,187979.70213766777
19822,171424.06595891961
19823,194143.06537662362
19824,185133.70702335928
19825,177980.90903537377
19826,178884.9322707531
19827,171695.1211630825
19828,181664.6052380339
19829,167405.88330342586
19830,183912.97764608942
19831,175539.53785241907
19832,186708.8718560594
19833,162042.42925714928
19834,186640.07649717695
19835,181690.5945363146
19836,180176.0738832665
19837,170560.31695001273
19838,186245.20919761973
19839,191893.45060184202
19840,188652.5927107337
19841,176574.5949370836
19842,180195.5210704587
19843,167841.70212552734
19844,169093.03357155938
19845,185545.05891299428
19846,176553.52520932266
19847,189607.7447122846
19848,193151.5809772671
19849,168249.9949404331
19850,192754.02366864265
19851,183896.69276818578
19852,170371.85468198635
19853,167817.99988867782
19854,185279.10329408338
19855,171656.26946116894
19856,170060.87052387244
19857,169483.91633598605
19858,165562.27387676618
19859,160779.80347891196
19860,175999.51232411855
19861,178675.15651784744
19862,166362.20405341894
19863,169100.5756851049
19864,169187.804774172
19865,170358.6909644731
19866,169411.69546514982
19867,157469.3622322564
19868,168013.5732565112
19869,162957.06250252406
19870,162237.78286392332
19871,180677.84791641298
19872,187654.59939238796
19873,201903.90438862843
19874,184921.64953254844
19875,168978.9837328158
19876,199452.39202615473
19877,168317.77603678184
19878,159103.08628605795
19879,159496.77639707414
19880,159593.61828953054
19881,178721.50104545624
19882,161551.16861122954
19883,186925.82507911738
19884,175843.73807481796
19885,170179.7633369016
19886,188917.88508943998
19887,182378.9767357326
19888,170640.8348725876
19889,159955.25310958896
19890,162042.42925714928
19891,186425.57595208412
19892,188782.53686415646
19893,170445.53290541883
19894,185269.4172411563
19895,174186.99278945103
19896,169107.98571791325
19897,169376.6931873698
19898,173957.6856098008
19899,175110.32387762982
19900,178740.7759706717
19901,188261.20440775433
19902,182178.264639008
19903,186137.40183528094
19904,168105.0519460184
19905,157078.2770581164
19906,161363.37147851914
19907,184540.310075557
19908,171459.93094746445
19909,197732.08753657964
19910,176422.24234615455
19911,197270.22421440773
19912,175743.53667323897
19913,164843.4381502285
19914,185728.21627426296
19915,166758.48190829268
19916,171284.49228709878
19917,169784.20160260925
19918,165478.98731746795
19919,169864.896743814
19920,169294.30042720563
19921,163107.0660869981
19922,162108.859896117
19923,157025.31545228598
19924,170710.03968617955
19925,187636.56902273712
19926,175746.18578844657
19927,170369.05295651197
19928,181404.61267523316
19929,172474.2620371245
19930,167855.9835604139
19931,164467.0608357876
19932,162042.42925714928
19933,166543.56535114272
19934,164147.20133536044
19935,163403.58124339243
19936,161922.62733907287
19937,163357.64537671974
19938,167285.26567117704
19939,164021.86501713548
19940,174101.52426710536
19941,182431.74810518103
19942,174925.82332823795
19943,160062.48308400385
19944,168833.3477512665
19945,166841.01783814572
19946,183014.9797108968
19947,178079.98238288914
19948,174857.72519121287
19949,187392.64759763147
19950,165239.353136924
19951,180153.57090304221
19952,191054.3504339953
19953,180023.62008688453
19954,192016.60822912684
19955,180107.99627708684
19956,160516.5025701923
19957,154542.6499248356
19958,179527.5778986132
19959,162042.42925714928
19960,175689.8206292631
19961,175680.73458233668
19962,173889.2580237563
19963,175977.5746988444
19964,174181.515702336
19965,181474.15543264133
19966,172972.04530223794
19967,187794.5921105348
19968,197594.90468515325
19969,193167.11003118867
19970,191121.23560534147
19971,162120.21739142938
19972,177115.89101846423
19973,186385.08842454027
19974,199692.1860394896
19975,169182.81210269363
19976,166433.1234964301
19977,178097.51433890627
19978,191575.10410767072
19979,170985.42486615365
19980,183854.8681366313
19981,169177.609592481
19982,175107.08616469282
19983,161397.81237506247
19984,176388.63466782367
19985,173762.7524397865
19986,176752.44296059397
19987,175160.61104250824
19988,164448.22772059406
19989,159983.69377711043
19990,162406.9423842869
19991,182443.33431218253
19992,180543.9123426637
19993,184790.62031007893
19994,173723.11643260028
19995,153660.82231661986
19996,176968.9410576483
19997,172509.25426528658
19998,164557.12348824143
19999,170668.90213927542
20000,188882.36930155373
20001,178980.38090110736
20002,182302.9525057737
20003,181331.04870943207
20004,193095.7312032766
20005,181099.9383057797
20006,173921.67191450665
20007,177864.0355540545
20008,172115.7233029254
20009,179238.2287736427
20010,185580.36160459375
20011,179390.27056040103
20012,178603.61583028466
20013,172223.6156232339
20014,181625.88138038205
20015,177813.7655614086
20016,172957.17810638456
20017,163412.8367363261
20018,167789.28604463045
20019,162294.66788668407
20020,171366.1293672377
20021,172163.97963025488
20022,157135.15200372908
20023,162869.4596340237
20024,173932.94367193102
20025,174805.0224157171
20026,176391.98340217982
20027,167985.73125356215
20028,185209.68331062744
20029,173027.04276323202
20030,172334.8541880471
20031,179866.90785554892
20032,181610.303942346
20033,184462.85836162354
20034,193109.72220342772
20035,200770.1016374163
20036,174724.65512562593
20037,188247.4259768514
20038,179814.28464246637
20039,179372.9488892071
20040,173028.54667463235
20041,172619.863136746
20042,194811.00546729847
20043,171852.98775907748
20044,191023.19337096316
20045,197370.55391706715
20046,162042.42925714928
20047,180084.16743299438
20048,175697.43342845744
20049,168086.4160598263
20050,176060.64752307112
20051,171890.6824506906
20052,176686.27703019502
20053,170195.63771693065
20054,169705.11509283524
20055,188543.82327452072
20056,170921.4771654497
20057,168242.40585788348
20058,183019.28126324862
20059,160404.45450274704
20060,174639.93493658732
20061,172410.68214809796
20062,169771.21899712624
20063,177016.37729328603
20064,169150.97154206378
20065,162562.27160415903
20066,180512.27752803254
20067,164927.4851320649
20068,200359.24737224495
20069,162042.42925714928
20070,146535.0667262973
20071,185134.43360950457
20072,177276.13901158157
20073,194610.86348389531
20074,162098.62440971742
20075,159180.0788436605
20076,156473.2679180256
20077,161556.91754929328
20078,165357.7873322204
20079,159725.83588187493
20080,159464.46067661705
20081,157149.00367594702
20082,150315.0521569065
20083,159386.53375306414
20084,161491.98026685367
20085,159382.70006823508
20086,170178.81099848196
20087,159653.6800424418
20088,171575.08224077531
20089,171231.44182191245
20090,162855.79456231275
20091,190952.88221922814
20092,171104.67778077084
20093,188185.09429404762
20094,180146.0813795482
20095,159363.1689801826
20096,156424.823993879
20097,160695.25232035236
20098,162176.17008908637
20099,182754.9330228234
20100,201851.09614499236
20101,157213.52549654222
20102,149149.7806282119
20103,148050.43423028456
20104,164055.67542756407
20105,165092.56683631055
20106,162803.99053285757
20107,159360.8064738779
20108,169092.36328589715
20109,160369.2516492271
20110,166589.06616327015
20111,177041.30670381506
20112,165581.77315318253
20113,168206.88232494693
20114,171506.95066718775
20115,164995.62817930686
20116,165681.29759806252
20117,155476.99760305174
20118,166546.3072547985
20119,158692.5330634013
20120,159219.14261559516
20121,153341.06997714986
20122,163239.72444303377
20123,154847.6431856572
20124,177760.8051887948
20125,162042.42925714928
20126,167203.0067625408
20127,182542.44732110307
20128,182350.7259153958
20129,167257.3405958411
20130,171271.12404288142
20131,172793.52019974953
20132,188340.9761660629
20133,181486.698385101
20134,165506.61117323558
20135,180757.2159765279
20136,183327.71699267518
20137,170405.01763449202
20138,199771.63822569815
20139,168584.10775192475
20140,181748.4194631912
20141,202085.7775441469
20142,201905.97995865153
20143,184363.07245105185
20144,187640.15158887327
20145,170703.67471868396
20146,174507.22761033027
20147,172512.22190278684
20148,162516.67269776162
20149,182325.34333630887
20150,197681.09532117945
20151,183055.01494228042
20152,178813.11046841776
20153,191347.1840353319
20154,187186.71405198867
20155,159299.95426401653
20156,159095.42964304297
20157,180877.41858430053
20158,161000.06993448499
20159,167829.1489566972
20160,165725.865321627
20161,187448.17241540743
20162,170339.07655017838
20163,146034.07454101832
20164,184077.91308273334
20165,172984.62139813558
20166,184147.77797253386
20167,169675.01869458135
20168,171836.8493471059
20169,167746.94510370435
20170,169256.34408826078
20171,183091.54053261742
20172,172980.05037323167
20173,166124.8813435174
20174,164538.87350742402
20175,168034.42085359135
20176,175810.88576831558
20177,165051.95145399976
20178,170983.94396293347
20179,177475.28087981613
20180,163932.1591645367
20181,157464.7469947828
20182,164048.0508533531
20183,174927.36285822993
20184,160861.3582929884
20185,169999.68774991244
20186,177193.19633225823
20187,150267.0932188085
20188,172602.78540636235
20189,171992.89239334274
20190,156242.2379648001
20191,159451.2531694042
20192,175315.83324974938
20193,156540.2985603943
20194,162229.38854794262
20195,157382.32625432368
20196,169859.1889871061
20197,159263.08697368848
20198,164846.32334463886
20199,167972.9544081472
20200,154149.96521674647
20201,172327.65588639773
20202,171075.11239410136
20203,165140.59512975783
20204,168499.57378117714
20205,168744.27091569194
20206,175859.47173346244
20207,169254.99420570512
20208,173221.5678432354
20209,172884.6318805555
20210,162220.69699577158
20211,171874.90423591007
20212,169548.50288297748
20213,179810.7123869629
20214,182234.74667046822
20215,189353.79603435317
20216,179318.5973256434
20217,182732.53922734328
20218,187335.27026794638
20219,187650.1107385438
20220,200405.28652458318
20221,178318.51034338443
20222,182666.83552370485
20223,178414.1256183984
20224,187739.19578139886
20225,200683.91126890894
20226,174890.09734901428
20227,169023.7476097325
20228,186651.4391791548
20229,161387.83208977352
20230,179864.98722027324
20231,170329.25896026898
20232,167688.38755478332
20233,175085.3832904153
20234,190516.8786255259
20235,197964.7805328753
20236,198130.26193218995
20237,199791.5237479652
20238,187891.48700969925
20239,189572.91559455657
20240,192003.13848063245
20241,181782.71224806606
20242,177593.73121942565
20243,178559.37442431797
20244,182027.40237154666
20245,182677.11109507902
20246,188176.60120528305
20247,187826.48044817473
20248,171210.84749944895
20249,171680.1254296311
20250,160833.84984582296
20251,165965.87664698076
20252,174754.63378091028
20253,164987.32540675637
20254,164337.89806699686
20255,178912.4399006371
20256,179226.58504633125
20257,184328.01158276197
20258,184452.20434581267
20259,187420.35556851976
20260,175444.30071687655
20261,177684.4347074814
20262,177660.22851316867
20263,173598.35046000124
20264,182591.5989207605
20265,183144.58725953987
20266,194892.66817435765
20267,162042.42925714928
20268,162042.42925714928
20269,164639.93754562928
20270,146986.80595845226
20271,169949.87070376423
20272,163476.9476286565
20273,169155.3680587817
20274,167985.8997974145
20275,162063.01211071358
20276,164320.07316686137
20277,164041.38855271952
20278,174913.9628626759
20279,171809.73951216432
20280,183474.51442589046
20281,181027.44247018604
20282,188532.84351961786
20283,179513.2070611795
20284,188219.50955510305
20285,182425.75407699446
20286,178377.4730630091
20287,189385.95998702353
20288,170662.1517900936
20289,166979.262766079
20290,177747.06494645658
20291,185047.68258318267
20292,179455.41491482162
20293,176555.7639776636
20294,173186.3055799407
20295,181412.9542323044
20296,182944.04112336898
20297,180216.90946411685
20298,174314.62264516673
20299,163670.1185224882
20300,181741.56155351535
20301,174571.27041745512
20302,164157.8886389121
20303,154455.85274575787
20304,173344.4189386649
20305,174589.55021318785
20306,167187.71183935282
20307,165529.60395490157
20308,169255.22437876443
20309,167662.9284110818
20310,161038.9803240702
20311,182792.2205847761
20312,175028.6078140989
20313,171514.68064800923
20314,170831.93012300757
20315,159734.31944447744
20316,171868.17879465237
20317,169665.0017021395
20318,175738.33681473456
20319,159515.6354197152
20320,186172.9802100538
20321,178510.0160821061
20322,150369.03500960974
20323,183913.15033488307
20324,177008.92993605643
20325,167536.51610742917
20326,164498.60119754524
20327,173168.2836481718
20328,171798.2799896229
20329,188526.47110275272
20330,173767.53375141174
20331,173760.03242661312
20332,173752.48125601915
20333,165228.65778824256
20334,162123.68751687792
20335,158796.88897461267
20336,179215.39327881244
20337,174148.86068287437
20338,166115.41487589033
20339,174534.21010266079
20340,169398.76715923124
20341,173577.54304225964
20342,177419.77395731842
20343,171569.08408666408
20344,178806.21210502053
20345,166283.583141504
20346,164593.74739449512
20347,152955.61050867286
20348,185124.50773506885
20349,176979.4150856959
20350,159854.1480291819
20351,178165.1494665964
20352,150504.93189277608
20353,154977.7797407158
20354,170905.5319349875
20355,162672.97922077522
20356,163933.79071457224
20357,163159.38838952204
20358,173112.91026000923
20359,155260.96332456038
20360,164490.58673677847
20361,161498.29751854026
20362,171243.5141643021
20363,169266.02605939782
20364,166090.96102205393
20365,164547.72528793386
20366,163674.74303407673
20367,147304.00727415926
20368,166921.9891159311
20369,166765.77617845603
20370,161465.15791658574
20371,164325.26152125152
20372,162042.42925714928
20373,190750.5344297676
20374,171445.91329114002
20375,166605.52583998747
20376,162975.96800245382
20377,172153.44845537347
20378,154648.6021400324
20379,166308.93191581516
20380,162895.46837076094
20381,163817.04395152593
20382,165686.05926324351
20383,172654.65475666424
20384,173965.1545327074
20385,174580.51076310713
20386,165985.86772428226
20387,167377.76437352877
20388,167635.536709644
20389,173572.98550564807
20390,166208.736482027
20391,170368.0362957235
20392,164587.57489093544
20393,164493.44215153044
20394,162745.5177322694
20395,168507.26955697464
20396,164216.96218748155
20397,174740.42246722794
20398,174851.71014824157
20399,169607.03631653014
20400,173125.77147078782
20401,178963.88384492474
20402,177339.46111936693
20403,172026.14276742714
20404,177280.85497291887
20405,173902.44300127868
20406,174341.35726672894
20407,173939.65331987903
20408,174468.2001730879
20409,182056.77053836282
20410,176115.2109403923
20411,172098.2485449286
20412,172779.4132140465
20413,176108.2914829123
20414,165644.59220133803
20415,167158.90800445393
20416,177023.95052886233
20417,177187.60805834737
20418,175541.19438138756
20419,176158.13224828918
20420,175466.5032469474
20421,167785.71728004713
20422,183584.29077384676
20423,163252.9777261405
20424,168377.85060689694
20425,171485.34929434702
20426,158535.08636041416
20427,166007.8849494228
20428,159724.33769504336
20429,159611.31099310337
20430,168668.24426748842
20431,163620.85409655643
20432,174878.35077577538
20433,174657.18008669655
20434,179433.4387627112
20435,199870.11543236824
20436,159828.74817602968
20437,161461.41200675935
20438,165387.7470286854
20439,162195.73161650987
20440,169293.39674097692
20441,175830.46525637477
20442,160956.80028743047
20443,199499.64195240213
20444,165617.5229841023
20445,159833.6168228928
20446,177211.93691573426
20447,169720.56478483367
20448,178088.41510395537
20449,173624.70733762038
20450,158425.36993068585
20451,177875.39450340412
20452,171655.13819391438
20453,171407.42443108483
20454,175901.8441073056
20455,157623.72686523496
20456,158254.07235302258
20457,158214.89212043345
20458,176677.9659058318
20459,177385.2049470952
20460,162042.42925714928
20461,173561.5263977827
20462,170952.87690870004
20463,170822.04713773707
20464,176830.87338851544
20465,175151.74037350656
20466,175219.5332298402
20467,176662.58323582902
20468,175738.98484353448
20469,176432.60379125312
20470,174259.37585685932
20471,177294.15062762809
20472,175794.995345869
20473,176008.60183298786
20474,175805.17235266935
20475,174427.49518937577
20476,179068.55259599772
20477,173318.14967765464
20478,176786.04650873406
20479,179505.83043381223
20480,176523.6216980376
20481,176377.68753079828
20482,167631.48736547193
20483,168125.31902920495
20484,162042.42925714928
20485,173951.56726291162
20486,172855.73319513514
20487,157886.5512156955
20488,160385.4028111312
20489,170048.66242847982
20490,176231.75977129326
20491,166888.19613504547
20492,161851.99997180497
20493,173586.78619108742
20494,175181.2053570641
20495,172339.53690974996
20496,180025.28291896763
20497,174215.15841351284
20498,175212.25003893435
20499,173184.51749500315
20500,177190.972599137
20501,169234.14215102274
20502,195743.88835285968
20503,175630.8742248998
20504,163537.5274324068
20505,173673.03958563652
20506,160054.93484057297
20507,181485.82727255044
20508,182517.0234199648
20509,167640.25849089824
20510,167492.94892347476
20511,179547.010172861
20512,172242.5228018733
20513,169490.0398634209
20514,160322.37369206367
20515,178441.22775162917
20516,182867.72589314773
20517,173047.19699401484
20518,170989.80673168163
20519,176283.14896724513
20520,172884.87158988026
20521,174027.85887008253
20522,173899.78806045675
20523,159028.74808144887
20524,151103.48878702885
20525,180664.9400015252
20526,173469.3894493272
20527,141513.72765146548
20528,148132.55068500357
20529,158431.2956865427
20530,163803.0220852011
20531,150353.73729463769
20532,152118.20630746154
20533,152442.60260184252
20534,157362.36754336391
20535,171262.25426699835
20536,170322.12352761326
20537,151799.25730415233
20538,167782.12947709707
20539,163571.41174418354
20540,152072.26926619478
20541,153159.0394713649
20542,169123.92468722883
20543,178471.94005177278
20544,168897.1412330671
20545,165299.06036789808
20546,184141.18374308373
20547,181764.12702180728
20548,173360.25868079558
20549,143676.21877991012
20550,157636.18902465244
20551,167999.8902124111
20552,147643.59819129476
20553,162383.27621269642
20554,177548.7380563377
20555,146377.74239005474
20556,153848.361653953
20557,183229.57053959565
20558,143523.65844282045
20559,165965.49931043774
20560,175381.68620007386
20561,180231.824160208
20562,183233.3925339777
20563,158363.25125035082
20564,167166.24214776195
20565,156771.33892960244
20566,165350.99092945963
20567,154550.99170573425
20568,154721.27331249678
20569,156042.80999933492
20570,136557.22444268575
20571,140249.18835049085
20572,161322.38120227904
20573,150180.7597630981
20574,141035.75106736989
20575,171582.5973769584
20576,157309.95761564418
20577,147688.20763405846
20578,171459.59461183532
20579,172136.16981504872
20580,168372.91270532436
20581,149805.93535220923
20582,164931.0901232324
20583,162685.44429948102
20584,150816.1448007184
20585,157729.8291913632
20586,155466.87724525083
20587,156441.8590455655
20588,141936.29186657816
20589,189016.66883959543
20590,180943.73658678672
20591,173249.03795310637
20592,191870.84744902677
20593,174657.0217989405
20594,158992.5196127549
20595,151602.52704529584
20596,172569.7769138874
20597,172565.935040149
20598,178083.7785576315
20599,175305.68555329612
20600,155808.77842067895
20601,167233.3698857045
20602,156344.43936230976
20603,160573.84867038252
20604,159280.76664008197
20605,166573.83179555702
20606,170381.62977096936
20607,166430.52055773808
20608,161313.30852980842
20609,156720.26999434622
20610,167609.49807662203
20611,166303.97234880077
20612,164052.77950758705
20613,170421.91598192634
20614,165681.17814365574
20615,160472.86275313297
20616,153097.46399789827
20617,156427.8350132596
20618,162748.31330195378
20619,159844.6294213346
20620,178485.16555471887
20621,176349.26215660025
20622,157415.79501638518
20623,172037.07910553997
20624,154507.3739436283
20625,174797.16899989752
20626,176031.54260141242
20627,141772.55194899914
20628,158081.36452406683
20629,180396.1400628655
20630,152020.8803873249
20631,155716.69263439404
20632,154542.06253591986
20633,166715.9854635415
20634,167716.35871421336
20635,169303.98052731509
20636,158889.19546470203
20637,159801.8888683465
20638,159331.73711715147
20639,159158.45093647175
